{
  "version": "1.0",
  "defaultProvider": "cdnjs",
  "libraries": [
    {
      "library": "jquery@3.5.1",
      "destination": "wwwroot/lib/jquery"
    },
    {
      "library": "popper.js@2.4.3",
      "destination": "wwwroot/lib/popper.js"
    },
    {
      "library": "twitter-bootstrap@4.5.0",
      "destination": "wwwroot/lib/bootstrap"
    },
    {
      "library": "font-awesome@5.13.0",
      "destination": "wwwroot/lib/font-awesome"
    },
    {
      "library": "limonte-sweetalert2@8.11.8",
      "destination": "wwwroot/lib/limonte-sweetalert2"
    },
    {
      "library": "jqueryui@1.12.1",
      "destination": "wwwroot/lib/jqueryui"
    },
    {
      "library": "chosen@1.8.7",
      "destination": "wwwroot/lib/chosen"
    },
    {
      "library": "jquery-validate@1.19.1",
      "destination": "wwwroot/lib/jquery-validate"
    },
    {
      "library": "jquery-ajax-unobtrusive@3.2.6",
      "destination": "wwwroot/lib/jquery-ajax-unobtrusive"
    },
    {
      "library": "jquery-validation-unobtrusive@3.2.11",
      "destination": "wwwroot/lib/jquery-validation-unobtrusive"
    },
    {
      "library": "tabulator@4.4.3",
      "destination": "wwwroot/lib/tabulator"
    }
  ]
}